{
    "weight_game1": [
        [
            0.5079659819602966,
            -0.321172833442688,
            2.1825928688049316,
            0.026803020387887955,
            0.2652490735054016,
            -0.6248616576194763,
            0.020527295768260956,
            -0.2483203262090683,
            0.6114522814750671,
            0.18842248618602753,
            0.42445096373558044,
            0.43501970171928406,
            2.925471305847168
        ],
        [
            -1.9179238080978394,
            -1.4969316720962524,
            -1.349358081817627,
            0.035813864320516586,
            -0.9669920802116394,
            0.9345568418502808,
            -2.080717086791992,
            1.4398664236068726,
            -0.4144941568374634,
            0.8409229516983032,
            -0.25153404474258423,
            1.3232778310775757,
            -0.9427363276481628
        ],
        [
            0.011222410015761852,
            0.034731172025203705,
            -1.2236155271530151,
            0.5822950005531311,
            -0.5477486848831177,
            -0.7430446743965149,
            -1.0023151636123657,
            0.7115461230278015,
            0.7241911888122559,
            0.1010720506310463,
            -0.45730847120285034,
            0.055094994604587555,
            0.45392584800720215
        ]
    ],
    "bias_game1": [
        -1.0778470039367676,
        -1.621645450592041,
        0.09141743928194046
    ],
    "mean_game1": [
        0.8415841460227966,
        3.212165594100952,
        1.3231630325317383,
        0.18489421904087067,
        0.5952563881874084,
        0.18988817930221558,
        0.6536283493041992,
        0.11329910159111023,
        0.5339494943618774,
        5.933993339538574,
        2.9759669303894043,
        9.508251190185547,
        -4.927509784698486,
        -61.32673263549805,
        -29.90052604675293
    ],
    "std_game1": [
        0.36583447456359863,
        0.6311384439468384,
        0.9921555519104004,
        0.2062331736087799,
        0.20737706124782562,
        0.09350965917110443,
        0.2045368105173111,
        0.1780523806810379,
        0.2244277000427246,
        2.1567773818969727,
        1.4647892713546753,
        15.272215843200684,
        7.620259761810303,
        93.27674102783203,
        45.926780700683594
    ],
    "steps_neg_game1": 0.42765167355537415,
    "sum_bias_game1": 0.42765167355537415,
    "weight_game2": [
        [
            -0.3842865228652954,
            0.6039591431617737,
            -2.0298237800598145,
            0.8755952715873718,
            -0.14308896660804749,
            -0.5472946763038635,
            -0.6100224256515503,
            -0.26917311549186707,
            0.34207242727279663,
            1.002684235572815,
            1.2046560049057007,
            0.8459935784339905,
            -0.6422356367111206
        ],
        [
            0.3090939521789551,
            0.07249485701322556,
            -0.2381255328655243,
            -0.010860683396458626,
            0.20622268319129944,
            -0.5461524128913879,
            0.07201371341943741,
            -0.1587366759777069,
            0.38454538583755493,
            0.35525238513946533,
            0.10828942060470581,
            0.5330269932746887,
            0.1453980654478073
        ],
        [
            -0.7112230062484741,
            0.26917195320129395,
            -0.7550585865974426,
            0.3856067955493927,
            0.7581429481506348,
            -0.5024756789207458,
            -0.29649969935417175,
            0.3125420808792114,
            0.5602352619171143,
            0.3505374789237976,
            0.12994550168514252,
            1.480743646621704,
            -0.22968491911888123
        ]
    ],
    "bias_game2": [
        -0.3062227964401245,
        -0.3232397735118866,
        -0.4954114556312561
    ],
    "mean_game2": [
        0.8415841460227966,
        3.212165594100952,
        1.3231630325317383,
        0.18489421904087067,
        0.5952563881874084,
        0.18988817930221558,
        0.6536283493041992,
        0.11329910159111023,
        0.5339494943618774,
        5.933993339538574,
        2.9759669303894043,
        9.508251190185547,
        -4.927509784698486,
        -61.32673263549805,
        -29.90052604675293
    ],
    "std_game2": [
        0.36583447456359863,
        0.6311384439468384,
        0.9921555519104004,
        0.2062331736087799,
        0.20737706124782562,
        0.09350965917110443,
        0.2045368105173111,
        0.1780523806810379,
        0.2244277000427246,
        2.1567773818969727,
        1.4647892713546753,
        15.272215843200684,
        7.620259761810303,
        93.27674102783203,
        45.926780700683594
    ],
    "steps_neg_game2": 0.4948016107082367,
    "sum_bias_game2": 0.4948016107082367,
    "weight_game4": [
        [
            -0.45044589042663574,
            0.0916992574930191,
            -1.6087737083435059,
            0.34571126103401184,
            -0.3327641785144806,
            0.33846166729927063,
            0.1300298273563385,
            -0.45233482122421265,
            0.05800807476043701,
            -0.026831306517124176,
            1.0604503154754639,
            -2.676466703414917,
            -2.273730754852295
        ],
        [
            -0.18345552682876587,
            0.5711731910705566,
            -2.0077342987060547,
            1.6950788497924805,
            -0.814803957939148,
            0.8467417359352112,
            -0.7819212675094604,
            1.4669904708862305,
            -2.18251633644104,
            0.33461758494377136,
            0.894136905670166,
            5.606649398803711,
            -0.109378881752491
        ],
        [
            -2.2351455688476562,
            -3.1748483180999756,
            -2.400068759918213,
            0.2771935760974884,
            0.47632572054862976,
            -1.8232786655426025,
            0.5212961435317993,
            -1.4260790348052979,
            1.4582312107086182,
            0.04670817032456398,
            0.9458481669425964,
            -1.1507611274719238,
            2.3339524269104004
        ]
    ],
    "bias_game4": [
        0.4158554971218109,
        -0.34543460607528687,
        2.9929616451263428
    ],
    "mean_game4": [
        0.8415841460227966,
        3.212165594100952,
        1.3231630325317383,
        0.18489421904087067,
        0.5952563881874084,
        0.18988817930221558,
        0.6536283493041992,
        0.11329910159111023,
        0.5339494943618774,
        5.933993339538574,
        2.9759669303894043,
        9.508251190185547,
        -4.927509784698486,
        -61.32673263549805,
        -29.90052604675293
    ],
    "std_game4": [
        0.36583447456359863,
        0.6311384439468384,
        0.9921555519104004,
        0.2062331736087799,
        0.20737706124782562,
        0.09350965917110443,
        0.2045368105173111,
        0.1780523806810379,
        0.2244277000427246,
        2.1567773818969727,
        1.4647892713546753,
        15.272215843200684,
        7.620259761810303,
        93.27674102783203,
        45.926780700683594
    ],
    "steps_neg_game4": 0.03411680832505226,
    "sum_bias_game4": 0.03411680832505226,