{
	"self-det:1":-0.18877470737046895,
	"self-det:2":0.02559325103120466,
	"self-det:3":0.14381661261517076,
	"self-det:4":-0.22230588087170697,
	"self-det:5":0.13452493514237066,
	"self-det:6":-0.0797357950123375,
	"self-det:7":-0.20041970285027463,
	"self-det:8":-0.5442893156565698,
	"self-det:9":-0.2961577600332374,
	"self-det:10":0.05870473405918886,
	"self-det:11":0.10009583674384763,
	"self-det:12":-0.17806942025205222,
	"self-det:13":-0.21909645642530762,
	"self-det:14":0.17827795670458188,
	"self-det:15":0.12007556265648964,
	"self-det:17":0.09337395022804575,
	"self-det:18":0.02455359961140655,
	"self-det:22":0.18108868708748432,
	"self-det:23":0.33276430611971614,
	"self-det:24":0.1988703778782959,
	"self-det:25":0.2744004823588653,
	"self-det:26":0.10921996523261591,
	"self-det:27":0.2174353851849488,
	"self-det:28":0.06623593298095116,
	"self-det:29":0.02822758478069085,
	"self-det:30":-0.0022974758009476483,
	"static-inc:1":0.15128090512028905,
	"static-inc:4":0.22878064750255062,
	"static-inc:5":0.18182084175688798,
	"static-inc:6":-0.032582057530331617,
	"static-inc:8":-0.019972559889078447,
	"static-inc:10":-0.2591701966493217,
	"static-inc:12":-0.19632229183641609,
	"static-inc:13":0.09773561977742211,
	"static-inc:14":-0.08298541169417369,
	"static-inc:15":-0.05430887971803582,
	"static-inc:16":-0.17297065175147588,
	"static-inc:17":0.04560025727904466,
	"static-inc:19":-0.14684595493940486,
	"static-inc:20":-0.272365331717559,
	"static-inc:21":0.38919438636473863,
	"static-inc:22":0.06002724520555301,
	"static-inc:23":0.040724986938697735,
	"static-inc:26":-0.21206963833597842,
	"static-inc:27":0.0692975701007947,
	"static-inc:28":0.12031809793165994,
	"static-inc:29":0.25201605556293083,
	"static-inc:30":0.0827262998500918,
	"dda:1":0.013496877462109319,
	"dda:2":0.033535241840252826,
	"dda:3":0.10978980174304681,
	"dda:4":0.056540456870006854,
	"dda:5":-0.22683746197759916,
	"dda:6":0.1014882332362708,
	"dda:7":-0.22390913275379928,
	"dda:8":-0.2662698072711615,
	"dda:9":0.050966970107042917,
	"dda:11":0.17603290470519128,
	"dda:13":0.201562927136024,
	"dda:16":0.22701339679768343,
	"dda:17":-0.04187522974943565,
	"dda:18":-0.09680395340205702,
	"dda:20":0.0745664409212558,
	"dda:22":0.15127581368621787,
	"dda:23":0.0439782156427816,
	"dda:24":-0.20489792238276167,
	"dda:25":-0.06786626258244975,
	"dda:26":0.048538516766851364,
	"dda:27":-0.02768247094027271,
	"dda:28":0.08480752128249658,
	"dda:29":-0.2389114073448749,
	"dda:30":0.04454832825771278,
	"dda:31":0.08230771795065624
}